Name,Description
Polyphenols in Plants,"Agricultural, Biological, and Food Sciences 2014"
Key Chiral Auxiliary Applications (Second Edition),Chemistry 2014
Relevance Ranking for Vertical Search Engines,Computer Science 2014
Commercial Data Mining,Computer Science 2014
Object-Oriented Analysis and Design for Information Systems,Computer Science 2014
Product Design Modeling Using CAD/CAE,Engineering 2014
Elasticity (Third Edition),Engineering 2014
"Drinking Water Security for Engineers, Planners, and Managers",Engineering 2014
Nuclear Energy (Seventh Edition),Engineering 2014
Piping and Pipeline Calculations Manual (Second Edition),Engineering 2014
Biomarkers in Toxicology,"Pharmacology, Toxicology and Pharmaceutical Science 2014"
Drug Stability for Pharmaceutical Scientists,"Pharmacology, Toxicology and Pharmaceutical Science 2014"
Polymer Testing (Second Edition),Plastics Engineering Hanser 2014
Atlas of Chick Development (Third Edition),"Biochemistry, Genetics and Molecular Biology 2014"
Stem Cells (Second Edition),"Biochemistry, Genetics and Molecular Biology 2014"
Rare Diseases and Orphan Drugs,Biomedical Science and Medicine 2014
Heterogeneous Catalytic Materials,Chemical Engineering 2014
Braking of Road Vehicles,Engineering 2014
Friction Stir Superplasticity for Unitized Structures,Engineering 2014
High Performance Silicon Imaging,Engineering 2014
Advanced Composites in Bridge Construction and Repair,Engineering 2014
"Sensor Technologies for Civil Infrastructures, Volume 2",Engineering 2014
Miscarriages of Justice,"Forensics, Security, and Criminal Justice 2014"
Security Leader Insights for Effective Management,"Forensics, Security, and Criminal Justice 2014"
Security Leader Insights for Information Protection,"Forensics, Security, and Criminal Justice 2014"
From Molecules to Networks (Third Edition),Neuroscience 2014
Development of Auditory and Vestibular Systems,Neuroscience 2014
History of Toxicology and Environmental Health,"Pharmacology, Toxicology and Pharmaceutical Science 2014"
Principles of Electromagnetic Methods in Surface Geophysics,Earth and Planetary Sciences 2014
Spectrophotometry,Physics and Astronomy 2014
Nanoscience and the Environment,Materials Science 2014
Preservation and Shelf Life Extension,"Agricultural, Biological, and Food Sciences 2014"
Clinical Decision Support (Second Edition),"Biochemistry, Genetics and Molecular Biology 2014"
Wheat and Rice in Disease Prevention and Health,Biomedical Science and Medicine 2014
Cancer Theranostics,Biomedical Science and Medicine 2014
Practical Three-Way Calibration,Chemistry 2014
The UX Five-Second Rules,Computer Science 2014
Power Generation Technologies (Second Edition),Energy 2014
Renewable Energy Systems (Second Edition),Energy 2014
Reliability of Large and Complex Systems (Second Edition),Engineering 2014
Pattern Recognition and Signal Analysis in Medical Imaging (Second Edition),Engineering 2014
Low Cost Emergency Water Purification Technologies,Engineering 2014
Friction Stir Processing for Enhanced Low Temperature Formability,Engineering 2014
Cleaning with Solvents: Methods and Machinery,Engineering 2014
Alternative Fuels and Advanced Vehicle Technologies for Improved Environmental Performance,Engineering 2014
Workplace Security Essentials,"Forensics, Security, and Criminal Justice 2014"
Toxicological Aspects of Drug-Facilitated Crimes,"Forensics, Security, and Criminal Justice 2014"
Digital Video Surveillance and Security (Second Edition),"Forensics, Security, and Criminal Justice 2014"
Smart Sensors and Mems,Materials Science 2014
Silk Biomaterials for Tissue Engineering and Regenerative Medicine,Materials Science 2014
High Temperature Polymer Blends,Materials Science 2014
Extended Finite Element Method,Mathematics 2014
Polymer Extrusion (Fifth Edition),Plastics Engineering Hanser 2014
Advances in Non-Volatile Memory and Storage Technology,Computer Science 2014
"Earthquake Hazard, Risk and Disasters",Earth and Planetary Sciences 2014
Solar Energy in Buildings,Energy 2014
Structural Health Monitoring with Piezoelectric Wafer Active Sensors (Second Edition),Engineering 2014
Natural Gas Hydrates (Third Edition),Engineering 2014
High Entropy Alloys,Materials Science 2014
Silicon-On-Insulator (SOI) Technology,Materials Science 2014
Omega-3 Fatty Acids in Brain and Neurological Health,Neuroscience 2014
Applied Dermatotoxicology,"Pharmacology, Toxicology and Pharmaceutical Science 2014"
Academic Press Library in Signal Processing: Volume 2,Engineering 2014
Academic Press Library in Signal Processing: Volume 4,Engineering 2014
Academic Press Library in Signal Processing: Volume 1,Engineering 2014
Academic Press Library in Signal Processing: Volume 3,Engineering 2014
Subsea Pipeline Integrity and Risk Management,Engineering 2014
Internal Photoemission Spectroscopy (Second Edition),Materials Science 2014
Dental Implant Prosthetics (Second Edition),Health Professions 2014
Traditional Chinese Medicine Cupping Therapy (Third Edition),Health Professions 2014
Public Health Mini-Guides: Alcohol Misuse,Health Professions 2014
Scully's Medical Problems in Dentistry (Seventh Edition),Health Professions 2014
Color Atlas of Dental Implant Surgery (Fourth Edition),Health Professions 2014
Small Animal Critical Care Medicine (Second Edition),Veterinary Medicine 2014
Robinson's Current Therapy in Equine Medicine (Seventh Edition),Veterinary Medicine 2014
"Fowler's Zoo and Wild Animal Medicine, Volume 8",Veterinary Medicine 2014
Earthquakes and Coseismic Surface Faulting on the Iranian Plateau,Earth and Planetary Sciences 2014
Milk Proteins (Second Edition),"Agricultural, Biological, and Food Sciences 2014"
Lockhart & Wiseman’s Crop Husbandry Including Grassland (Ninth Edition),"Agricultural, Biological, and Food Sciences 2014"
"Industrial Wastewater Treatment, Recycling and Reuse",Chemical Engineering 2014
Distillation: Operation and Applications,Chemical Engineering 2014
Colloid and Interface Science in Pharmaceutical Research and Development,Chemical Engineering 2014
Writing Reaction Mechanisms in Organic Chemistry (Third Edition),Chemistry 2014
Cyber Crime and Cyber Terrorism Investigator's Handbook,Computer Science 2014
Understanding Geology Through Maps,Earth and Planetary Sciences 2014
Advanced Power Generation Systems,Energy 2014
Cathodic Corrosion Protection Systems,Energy 2014
Communicating Pictures,Engineering 2014
Hybrid Ship Hulls,Engineering 2014
Handbook of Friction-Vibration Interactions,Engineering 2014
Data Analysis Methods in Physical Oceanography (Third Edition),Environmental Science 2014
Strategies of Banks and Other Financial Institutions,Finance 2014
Natural Hosts of SIV,Immunology and Microbiology 2014
Interleukins in Cancer Biology,Immunology and Microbiology 2014
Carbon Nanotubes and Graphene (Second Edition),Materials Science 2014
"Drugs, Addiction, and the Brain",Neuroscience 2014
Social Anxiety (Third Edition),Psychology 2014
"Cognition, Intelligence, and Achievement",Psychology 2014
Stability of Happiness,Psychology 2014
Hygiene in Food Processing (Second Edition),"Agricultural, Biological, and Food Sciences 2014"
Global Safety of Fresh Produce,"Agricultural, Biological, and Food Sciences 2014"
Decontamination in Hospitals and Healthcare,Biomedical Science and Medicine 2014
Cardiac Regeneration and Repair: Pathology and Therapies,Biomedical Science and Medicine 2014
Cardiac Regeneration and Repair: Biomaterials and Tissue Engineering,Biomedical Science and Medicine 2014
Control of Welding Distortion in Thin-Plate Fabrication,Engineering 2014
Principles of Colour and Appearance Measurement,Engineering 2014
Advances in Filament Yarn Spinning of Textiles and Polymers,Engineering 2014
Underground Pipeline Corrosion,Engineering 2014
Fashion Supply Chain Management Using Radio Frequency Identification @RfidA Technologies,Engineering 2014
Self-Piercing Riveting,Engineering 2014
"Metallic Films for Electronic, Optical and Magnetic Applications",Materials Science 2014
Advances in Ceramic Matrix Composites,Materials Science 2014
Biomedical Imaging,Materials Science 2014
Residual Stresses in Composite Materials,Materials Science 2014
Laser Spectroscopy for Sensing,Materials Science 2014
Chalcogenide Glasses,Materials Science 2014
Nanolithography,Materials Science 2014
Nitride Semiconductor Light-Emitting Diodes (LEDs),Materials Science 2014
Graphene,Materials Science 2014
Natural Fibre Composites,Materials Science 2014
Rapid Prototyping of Biomaterials,Materials Science 2014
Health and Environmental Safety of Nanomaterials,Materials Science 2014
"Chemistry, Manufacture and Applications of Natural Rubber",Materials Science 2014
Smart Polymers and their Applications,Materials Science 2014
Porous Silicon for Biomedical Applications,Materials Science 2014
Semiconducting Silicon Nanowires for Biomedical Applications,Materials Science 2014
Eco-Efficient Construction and Building Materials,Materials Science 2014
Nanostructured Semiconductor Oxides for the Next Generation of Electronics and Functional Devices,Materials Science 2014
New Functional Biomaterials for Medicine and Healthcare,Materials Science 2014
Cancers Gynécologiques Pelviens,Elsevier Masson French Health Sciences Collection 2014
Les thérapies familiales systémiques (4ème édition),Elsevier Masson French Health Sciences Collection 2014
Diabétologie (2ème édition),Elsevier Masson French Health Sciences Collection 2014
L'institution et la violence,Elsevier Masson French Health Sciences Collection 2014
Biotechnology and Plant Breeding,"Agricultural, Biological, and Food Sciences 2014"
Natural and Synthetic Biomedical Polymers,Chemical Engineering 2014
Flow Analysis,Chemistry 2014
Quantitative MRI of the Spinal Cord,Neuroscience 2014
"Foods, Nutrients and Food Ingredients with Authorised Eu Health Claims","Agricultural, Biological, and Food Sciences 2014"
Molecular Diagnostics and Treatment of Pancreatic Cancer,"Biochemistry, Genetics and Molecular Biology 2014"
Platelets and Aspirin-Induced Asthma,Biomedical Science and Medicine 2014
Physical Examination in Cardiovascular Chinese Medicine,Biomedical Science and Medicine 2014
Therapeutic Risk Management of Medicines,Biomedical Science and Medicine 2014
Conformal Prediction for Reliable Machine Learning,Computer Science 2014
"Anthropometry, Apparel Sizing and Design",Engineering 2014
Control and Estimation of Piecewise Affine Systems,Engineering 2014
Principles of Soil and Plant Water Relations (Second Edition),Environmental Science 2014
The Effective Security Officer's Training Manual (Third Edition),"Forensics, Security, and Criminal Justice 2014"
Measures and Metrics in Corporate Security (Second Edition),"Forensics, Security, and Criminal Justice 2014"
Autoantibodies (Third Edition),Immunology and Microbiology 2014
The Machiavellian Librarian,Social Sciences 2014
Échographie en pratique obstétricale (5ème édition),Elsevier Masson French Health Sciences Collection 2014
Water Reclamation and Sustainability,Chemistry 2014
Python Forensics,Computer Science 2014
The Basics of Information Security (Second Edition),Computer Science 2014
Nanotechnology Applications for Clean Water (Second Edition),Engineering 2014
Fundamental Principles of Engineering Nanometrology (Second Edition),Engineering 2014
Transgenic Animal Technology (Third Edition),"Biochemistry, Genetics and Molecular Biology 2014"
Damages on Pumps and Systems,Chemical Engineering 2014
Economics-Driven Software Architecture,Computer Science 2014
Renewable Energy Integration,Energy 2014
Numerical Simulation of Multiphase Reactors with Continuous Liquid Phase,Engineering 2014
Materials Science and Engineering of Carbon: Fundamentals (Second Edition),Engineering 2014
Joint Replacement Technology,Engineering 2014
Chemical Fate and Transport in the Environment (Third Edition),Environmental Science 2014
Tourism Security,"Forensics, Security, and Criminal Justice 2014"
Misleading DNA Evidence,"Forensics, Security, and Criminal Justice 2014"
Personnel Protection: Vehicle Operations and Safety,"Forensics, Security, and Criminal Justice 2014"
Personnel Protection: Threat Assessment Profile,"Forensics, Security, and Criminal Justice 2014"
Smart Security: Practices That Increase Business Profits,"Forensics, Security, and Criminal Justice 2014"
Personnel Protection: Residential Security,"Forensics, Security, and Criminal Justice 2014"
Applied Crime Analysis,"Forensics, Security, and Criminal Justice 2014"
"Race, Gender, and Deviance in Xbox Live","Forensics, Security, and Criminal Justice 2014"
Introductory Immunology,Immunology and Microbiology 2014
Chitin (Second Edition),Materials Science 2014
Fundamentals of Applied Probability and Random Processes (Second Edition),Mathematics 2014
Toxicological Survey of African Medicinal Plants,"Pharmacology, Toxicology and Pharmaceutical Science 2014"
Aplicación de las ciencias psicosociales al ámbito del cuidar,Spanish Medical Collection 2014
El hueso en las enfermedades endocrinas y nutricionales,Spanish Medical Collection 2014
Disaster Communications in a Changing Media World (Second Edition),"Forensics, Security, and Criminal Justice 2014"
Fossil Fungi,"Agricultural, Biological, and Food Sciences 2014"
Emerging Technologies for Food Processing (Second Edition),"Agricultural, Biological, and Food Sciences 2014"
Polymer Green Flame Retardants,Chemical Engineering 2014
My Life in the Golden Age of Chemistry,Chemistry 2014
Bitemporal Data,Computer Science 2014
Time and Relational Theory (Second Edition),Computer Science 2014
Bioimpedance and Bioelectricity Basics (Third Edition),Engineering 2014
Wearable Sensors,Engineering 2014
Product Development (Second Edition),Engineering 2014
"Modelling, Simulation and Control of the Dyeing Process",Engineering 2014
Security for Business Professionals,"Forensics, Security, and Criminal Justice 2014"
Marital Separation and Lethal Domestic Violence,"Forensics, Security, and Criminal Justice 2014"
Textile-Led Design for the Active Ageing Population,Materials Science 2014
High-Performance Embedded Computing (Second Edition),Computer Science 2014
Pragmatic Enterprise Architecture,Computer Science 2014
"Thermal Insulation Handbook for the Oil, Gas, and Petrochemical Industries",Energy 2014
Oil and Gas Corrosion Prevention,Energy 2014
Rehabilitation of Metallic Civil Infrastructure Using Fiber Reinforced Polymer (FRP) Composites,Engineering 2014
Assessing the Environmental Impact of Textiles and the Clothing Supply Chain,Engineering 2014
Microbiology for Surgical Infections,Immunology and Microbiology 2014
The Value of BCG and TNF in Autoimmunity,Immunology and Microbiology 2014
Composite Non-Woven Materials,Materials Science 2014
An Introduction to Measure-Theoretic Probability (Second Edition),Mathematics 2014
The Produce Contamination Problem (Second Edition),"Agricultural, Biological, and Food Sciences 2014"
"Food Security, Poverty and Nutrition Policy Analysis (Second Edition)","Agricultural, Biological, and Food Sciences 2014"
Biotechnology and Biology of Trichoderma,"Biochemistry, Genetics and Molecular Biology 2014"
Nature-Inspired Optimization Algorithms,Computer Science 2014
Introduction to Audio Analysis,Engineering 2014
Structural and Stress Analysis (Third Edition),Engineering 2014
"Subsea Pipeline Design, Analysis, and Installation",Engineering 2014
Global Sustainable Communities Handbook,Engineering 2014
Nanotechnology and Nanomaterials in the Treatment of Life-Threatening Diseases,Engineering 2014
Differential Forms (Second Edition),Mathematics 2014
Aminoff's Neurology and General Medicine (Fifth Edition),Neuroscience 2014
Behavioral Addictions,Psychology 2014
Neurologic Aspects of Systemic Disease Part I,Neuroscience 2014
Neurologic Aspects of Systemic Disease Part II,Neuroscience 2014
Neurologic Aspects of Systemic Disease Part III,Neuroscience 2014
"Emerging Technologies and Management of Crop Stress Tolerance, Volume 1","Agricultural, Biological, and Food Sciences 2014"
Biotechnology Entrepreneurship,"Biochemistry, Genetics and Molecular Biology 2014"
Integrative Anatomy and Pathophysiology in TCM Cardiology,Biomedical Science and Medicine 2014
Chemistry of Advanced Environmental Purification Processes of Water,Chemical Engineering 2014
Social Engineering Penetration Testing,Computer Science 2014
Fluid Flow Measurement (Third Edition),Engineering 2014
The Microeconomics of Complex Economies,Finance 2014
Safeguarding Cultural Properties,"Forensics, Security, and Criminal Justice 2014"
Implementing a Gender-Based Arts Program for Juvenile Offenders,"Forensics, Security, and Criminal Justice 2014"
Postmortem Fingerprinting and Unidentified Human Remains,"Forensics, Security, and Criminal Justice 2014"
Evaluating Police Tactics,"Forensics, Security, and Criminal Justice 2014"
A Pharmacology Primer (Fourth Edition),"Pharmacology, Toxicology and Pharmaceutical Science 2014"
Demystifying the Institutional Repository for Success,Social Sciences 2014
Concepts and Advances in Information Knowledge Management,Social Sciences 2014
Clinical Neuroendocrinology,Neuroscience 2014
24th European Symposium on Computer Aided Process Engineering,Chemical Engineering 2014
The Parathyroids (Third Edition),Biomedical Science and Medicine 2014
Light Trapping in Solar Cell and Photo-Detector Devices,Energy 2014
Thorp and Covich's Freshwater Invertebrates (Fourth Edition),Environmental Science 2014
Information Governance and Security,"Forensics, Security, and Criminal Justice 2014"
Numerical Linear Algebra with Applications,Mathematics 2014
Punción seca de los puntos gatillo,Spanish Medical Collection 2014
Gestión clínica,Spanish Medical Collection 2014
Estimulación magnética transcraneal y neuromodulación,Spanish Medical Collection 2014
Tratado de enfermería Neurológica (Terceira Edição),Spanish Medical Collection 2014
Farreras-Rozman. Medicina Interna. Metabolismo y Nutrición. Endocrinología (Décimo sétimo Edição),Spanish Medical Collection 2014
Neoplasias mieloproliferativas,Spanish Medical Collection 2014
Public Health Mini-Guides: Obesity,Health Professions 2014
Constitutional Facial Acupuncture,Health Professions 2014
Handbook of Nitrous Oxide and Oxygen Sedation (Fourth Edition),Health Professions 2014
Principles and Practice of Pediatric Sleep Medicine (Second Edition),Specialty Medicine 2014
The Molecular Basis of Cancer (Fourth Edition),Specialty Medicine 2014
Kidney Transplantation–Principles and Practice (Seventh Edition),Specialty Medicine 2014
Pediatric Endocrinology (Fourth Edition),Specialty Medicine 2014
"{Studies in Natural Products Chemistry, Volume 43}",Chemistry 2014
Pathologie Tumorale Rénale,Elsevier Masson French Health Sciences Collection 2014
Begutachtung chronischer Schmerzen,German Medical Collection 2014
Basis Ops–Orthopädische Chirurgie,German Medical Collection 2014
Métodos educativos en salud,Spanish Medical Collection 2014
Biomecánica y arquitectura corneal,Spanish Medical Collection 2014
Offshore Wind (Second Edition),Energy 2014
"Advances in Hydrogen Production, Storage and Distribution",Energy 2014
Academic Press Library in Mobile and Wireless Communications,Engineering 2014
The Boundary Element Method for Plate Analysis,Engineering 2014
High Performance Polymers (Second Edition),Engineering 2014
Food Plant Safety,"Agricultural, Biological, and Food Sciences 2014"
Dimensional Analysis,Chemical Engineering 2014
Starch Polymers,Chemical Engineering 2014
Colloidal Foundations of Nanoscience,Chemical Engineering 2014
Eye Tracking in User Experience Design,Computer Science 2014
Process Modeling Style,Computer Science 2014
Reliability Prediction from Burn-In Data Fit to Reliability Models,Engineering 2014
From an Antagonistic to a Synergistic Predator Prey Perspective,Environmental Science 2014
Windows Forensic Analysis Toolkit (Fourth Edition),"Forensics, Security, and Criminal Justice 2014"
The Manager's Handbook for Business Security (Second Edition),"Forensics, Security, and Criminal Justice 2014"
Nanosensors for Chemical and Biological Applications,Materials Science 2014
Handbook of Smart Coatings for Materials Protection,Materials Science 2014
Biomedical Foams for Tissue Engineering Applications,Materials Science 2014
Effective Dynamics of Stochastic Partial Differential Equations,Mathematics 2014
The Role of 5-HT Systems on Memory and Dysfunctional Memory,Neuroscience 2014
Radioprotection en milieu médical (3ème édition),Elsevier Masson French Health Sciences Collection 2014
Topographie cornéenne (2ème édition),Elsevier Masson French Health Sciences Collection 2014
Infiltraciones Ecoguiadas en Patología Musculoesquelética,Spanish Medical Collection 2014
Investigación cualitativa,Spanish Medical Collection 2014
Daniels y Worthingham. Técnicas de balance muscular (9a ed.),Spanish Medical Collection 2014
Aplicación del análisis coste-efectividad de los medicamentos y los programas de salud en la planificación sanitaria,Spanish Medical Collection 2014
Natural Resource Administration,"Agricultural, Biological, and Food Sciences 2014"
Governing Nano Foods: Principles-Based Responsive Regulation,"Agricultural, Biological, and Food Sciences 2014"
Experiments in the Purification and Characterization of Enzymes,"Biochemistry, Genetics and Molecular Biology 2014"
Geological Storage of Carbon Dioxide (co2),Engineering 2014
Security Careers (Third Edition),"Forensics, Security, and Criminal Justice 2014"
Death Investigation,"Forensics, Security, and Criminal Justice 2014"
Biomaterials for Cancer Therapeutics,Materials Science 2014
The Synapse,Neuroscience 2014
Imaging of the Human Brain in Health and Disease,Neuroscience 2014
Cancer Drug Design and Discovery (Second Edition),"Pharmacology, Toxicology and Pharmaceutical Science 2014"
Lead Compounds from Medicinal Plants for the Treatment of Neurodegenerative Diseases,"Pharmacology, Toxicology and Pharmaceutical Science 2014"
Handbook of Nanosafety,"Pharmacology, Toxicology and Pharmaceutical Science 2014"
The Exposome,"Pharmacology, Toxicology and Pharmaceutical Science 2014"
"International Cooperation, Convergence and Harmonization of Pharmaceutical Regulations","Pharmacology, Toxicology and Pharmaceutical Science 2014"
Mold-making Handbook (Third Edition),Plastics Engineering Hanser 2014
Resistance and Stability of Polymers,Plastics Engineering Hanser 2014
Religion in Personality Theory,Psychology 2014
Human Memory: A Constructivist View,Psychology 2014
Identification of Neural Markers Accompanying Memory,Psychology 2014
Visual Masking,Psychology 2014
Information Literacy and Lifelong Learning,Social Sciences 2014
Postharvest Decay,"Agricultural, Biological, and Food Sciences 2014"
Bioinformatics for Beginners,"Biochemistry, Genetics and Molecular Biology 2014"
Post-Genomic Cardiology (Second Edition),Biomedical Science and Medicine 2014
Natural Gas Processing,Energy 2014
Renewable Energy System Design,Energy 2014
Power System Small Signal Stability Analysis and Control,Engineering 2014
Computational Modelling of Biomechanics and Biotribology in the Musculoskeletal System,Engineering 2014
Power Recovery from Low Grade Heat by Means of Screw Expanders (Second Edition),Engineering 2014
Transport Properties of Concrete,Engineering 2014
Practical Program Evaluation for Criminal Justice,"Forensics, Security, and Criminal Justice 2014"
Emerging Infectious Diseases,Immunology and Microbiology 2014
Biological Identification,Materials Science 2014
Quantum Information Processing with Diamond,Materials Science 2014
Perspectives in Total Hip Arthroplasty,Materials Science 2014
Working with Dynamic Crop Models (Second Edition),"Agricultural, Biological, and Food Sciences 2014"
"Antioxidants in Food, Vitamins and Supplements",Biomedical Science and Medicine 2014
The Role of Colloidal Systems in Environmental Protection,Chemical Engineering 2014
Geophysical Exploration Technology,Earth and Planetary Sciences 2014
Sustainability in Engineering Design,Engineering 2014
Signals and Systems Using MATLAB (Second Edition),Engineering 2014
Architectural Acoustics (Second Edition),Engineering 2014
Real-Time UML Workshop for Embedded Systems (Second Edition),Engineering 2014
Principles of Modern Grinding Technology (Second Edition),Engineering 2014
Nanofluidics and Microfluidics,Engineering 2014
An Introduction to the Mathematics of Financial Derivatives (Third Edition),Finance 2014
"Autophagy: Cancer, Other Pathologies, Inflammation, Immunity, Infection, and Aging",Immunology and Microbiology 2014
Sintering: from Empirical Observations to Scientific Principles,Materials Science 2014
Exposure Science,"Pharmacology, Toxicology and Pharmaceutical Science 2014"
Bibliographic Information Organization in the Semantic Web,Social Sciences 2014
Optimizing Academic Library Services in the Digital Milieu,Social Sciences 2014
Whisky (Second Edition),"Agricultural, Biological, and Food Sciences 2014"
Human Milk Biochemistry and Infant Formula Manufacturing Technology,"Agricultural, Biological, and Food Sciences 2014"
Heart and Toxins,Biomedical Science and Medicine 2014
Building an Information Security Awareness Program,Computer Science 2014
Service Orchestration As Organization,Computer Science 2014
Corrosion Control for Offshore Structures,Energy 2014
Accelerated Bridge Construction,Engineering 2014
Technology Entrepreneurship (Second Edition),Engineering 2014
Rare Earth-Based Corrosion Inhibitors,Engineering 2014
"Handbook of Solvents (Second Edition), Volume 1",Engineering 2014
"Handbook of Solvents (Second Edition), Volume 2",Engineering 2014
Stiehm's Immune Deficiencies,Immunology and Microbiology 2014
Porous Materials,Materials Science 2014
Processing and Impact on Antioxidants in Beverages,"Agricultural, Biological, and Food Sciences 2014"
Postharvest Handling (Third Edition),"Agricultural, Biological, and Food Sciences 2014"
Origin and Phylogeny of Rices,"Agricultural, Biological, and Food Sciences 2014"
"Handbook of Nutrition, Diet and the Eye",Biomedical Science and Medicine 2014
Essential Treatments in Cardiovascular Chinese Medicine,Biomedical Science and Medicine 2014
Diagnosing in Cardiovascular Chinese Medicine,Biomedical Science and Medicine 2014
Hematology in Traditional Chinese Medicine Cardiology,Biomedical Science and Medicine 2014
The Organic Chemistry of Drug Design and Drug Action (Third Edition),Chemistry 2014
Collaboration with Cloud Computing,Computer Science 2014
Targeted Cyber Attacks,Computer Science 2014
Membranes for Clean and Renewable Power Applications,Energy 2014
PIC Microcontroller Projects in C (Second Edition),Engineering 2014
From Machine-To-Machine to the Internet of Things,Engineering 2014
An Introduction to MATLAB® Programming and Numerical Methods for Engineers,Engineering 2014
Biomolecular Electronics,Engineering 2014
Brain Metastases from Primary Tumors,Neuroscience 2014
Inside China's Legal System,Social Sciences 2014
Social Media Audits,Social Sciences 2014
Klinikleitfaden Pädiatrie (9. Auflage),German Medical Collection 2014
Esthetics and Biomechanics in Orthodontics (Second Edition),Health Professions 2014
Proceedings of the 8th International Conference on Foundations of Computer-Aided Process Design,Chemical Engineering 2014
Integrative Cardiovascular Chinese Medicine,Biomedical Science and Medicine 2014
Organic Chemistry,Chemistry 2014
Software Defined Networks,Computer Science 2014
Bridging UX and Web Development,Computer Science 2014
Cloud Networking,Computer Science 2014
Encyclopedia of the Solar System (Third Edition),Earth and Planetary Sciences 2014
Natural Resources in Afghanistan,Earth and Planetary Sciences 2014
Towards Sustainable Road Transport,Energy 2014
Coastal Disasters and Climate Change in Vietnam,Engineering 2014
Nanotechnology Environmental Health and Safety (Second Edition),Engineering 2014
Tissue Engineering Using Ceramics and Polymers (Second Edition),Materials Science 2014
Biomaterials for Bone Regeneration,Materials Science 2014
Soil Remediation and Plants,"Agricultural, Biological, and Food Sciences 2014"
Principles of Developmental Genetics (Second Edition),"Biochemistry, Genetics and Molecular Biology 2014"
Transporters in Drug Discovery and Development,"Biochemistry, Genetics and Molecular Biology 2014"
Chesley's Hypertensive Disorders in Pregnancy (Fourth Edition),Biomedical Science and Medicine 2014
Bone Cancer (Second Edition),Biomedical Science and Medicine 2014
Dentine Hypersensitivity,Biomedical Science and Medicine 2014
Entropic Invariants of Two-Phase Flows,Chemical Engineering 2014
Biorefineries,Chemical Engineering 2014
Biophysical Characterization of Proteins in Developing Biopharmaceuticals,Chemical Engineering 2014
Windows Performance Analysis Field Guide,Computer Science 2014
Hacking and Penetration Testing with Low Power Devices,Computer Science 2014
Information Hiding in Speech Signal for Secure Communication,Computer Science 2014
Enterprise Business Intelligence and Data Management,Computer Science 2014
Experiments in Reduced Gravity,Earth and Planetary Sciences 2014
Practical and Applied Hydrogeology,Earth and Planetary Sciences 2014
Irradiation Embrittlement of Reactor Pressure Vessels (RPVs) in Nuclear Power Plants,Energy 2014
Offshore Operation Facilities,Engineering 2014
Soil Improvement and Ground Modification Methods,Engineering 2014
Performance Measurement and Management for Engineers,Engineering 2014
Flexible Packaging,Engineering 2014
Micro and Nanofabrication Using Self-Assembled Biological Nanostructures,Engineering 2014
Safety and Security Review for the Process Industries (Fourth Edition),Engineering 2014
Sittig's Handbook of Pesticides and Agricultural Chemicals (Second Edition),Engineering 2014
Proceedings of the 1st International Joint Symposium on Joining and Welding,Engineering 2014
Recent Developments in Cavitation Mechanisms,Materials Science 2014
Raw Materials Supply Chain for Rubber Products,Plastics Engineering Hanser 2014
After the Book,Social Sciences 2014
Six Key Communication Skills for Records and Information Managers,Social Sciences 2014
Academic Press Library in signal Processing,Engineering 2014
Sturkie's Avian Physiology (Sixth Edition),"Agricultural, Biological, and Food Sciences 2014"
Celiac Disease and Gluten,Biomedical Science and Medicine 2014
Seals and Sealing Handbook (Sixth Edition),Chemical Engineering 2014
Thermophysical Properties of Chemicals and Hydrocarbons (Second Edition),Chemical Engineering 2014
Assessment of Vulnerability to Natural Hazards,Earth and Planetary Sciences 2014
Coal Bed Methane,Earth and Planetary Sciences 2014
Wireless Receiver Architectures and Design,Engineering 2014
Body Area Networks Using IEEE 802.15.6,Engineering 2014
Learning from Failures,Engineering 2014
Integrated Nanophotonic Devices (Second Edition),Engineering 2014
Transport Properties of Chemicals and Hydrocarbons (Second Edition),Engineering 2014
Microbial Biodegradation and Bioremediation,Environmental Science 2014
Commingled Human Remains,"Forensics, Security, and Criminal Justice 2014"
Safeguarding Intangible Assets,"Forensics, Security, and Criminal Justice 2014"
The Rat Nervous System (Fourth Edition),Neuroscience 2014
The Stimulated Brain,Neuroscience 2014
"Biased Signaling in Physiology, Pharmacology and Therapeutics","Pharmacology, Toxicology and Pharmaceutical Science 2014"
An Introduction to Aquatic Toxicology,"Pharmacology, Toxicology and Pharmaceutical Science 2014"
Biochemical Ecotoxicology,"Pharmacology, Toxicology and Pharmaceutical Science 2014"
Alkyl Polyglucosides,"Pharmacology, Toxicology and Pharmaceutical Science 2014"
Uncommon Paths in Quantum Physics,Physics and Astronomy 2014
Three-Dimensional Molded Interconnect Devices (3D-MID),Plastics Engineering Hanser 2014
Diagnostics of Extrusion Processes,Plastics Engineering Hanser 2014
Laboratory Experiments in the Social Sciences (Second Edition),Psychology 2014
Social Cognition and Metacognition in Schizophrenia,Psychology 2014
Mindfulness-Based Treatment Approaches (Second Edition),Psychology 2014
Epigenetics in Psychiatry,Psychology 2014
Digital Asset Ecosystems,Social Sciences 2014
Making Sense of Space,Social Sciences 2014
The Changing Landscape of China’s Consumerism,Social Sciences 2014
The Future of the Academic Journal (Second Edition),Social Sciences 2014
Process Heat Transfer (Second Edition),Chemical Engineering 2014
Direct Methane to Methanol,Chemical Engineering 2014
Quotient Space Based Problem Solving,Computer Science 2014
Commercial Airplane Design Principles,Engineering 2014
Biofilms in Infection Prevention and Control,Immunology and Microbiology 2014
Dream Science,Psychology 2014
Nutraceutical and Functional Food Regulations in the United States and Around the World (Second Edition),"Agricultural, Biological, and Food Sciences 2014"
Seeds (Second Edition),"Agricultural, Biological, and Food Sciences 2014"
Conceptual Breakthroughs in Evolutionary Genetics,"Agricultural, Biological, and Food Sciences 2014"
Oxidative Damage to Plants,"Agricultural, Biological, and Food Sciences 2014"
Evolution by Tumor Neofunctionalization,"Agricultural, Biological, and Food Sciences 2014"
Cancer,"Biochemistry, Genetics and Molecular Biology 2014"
Aging: Oxidative Stress and Dietary Antioxidants,"Biochemistry, Genetics and Molecular Biology 2014"
Cellular Endocrinology in Health and Disease,"Biochemistry, Genetics and Molecular Biology 2014"
Fluorescence Microscopy,"Biochemistry, Genetics and Molecular Biology 2014"
Nutrition in the Prevention and Treatment of Abdominal Obesity,Biomedical Science and Medicine 2014
Mesenchymal Stem Cells in Cancer Therapy,Biomedical Science and Medicine 2014
Erectile Dysfunction As a Cardiovascular Impairment,Biomedical Science and Medicine 2014
Equitable Solutions for Retaining a Robust STEM Workforce,Biomedical Science and Medicine 2014
Black Liquor Gasification,Chemical Engineering 2014
"Plan, Activity, and Intent Recognition",Computer Science 2014
Design of Experiments for Engineers and Scientists (Second Edition),Engineering 2014
Manufacturing and Design,Engineering 2014
Design of Modern Communication Networks,Engineering 2014
Speech Enhancement,Engineering 2014
Co-Operative and Energy Efficient Body Area and Wireless Sensor Networks for Healthcare Applications,Engineering 2014
Academic Press Library in Biomedical Applications of Mobile and Wireless Communications: Wireless UWB Body Area Networks,Engineering 2014
Offshore Safety Management (Second Edition),Engineering 2014
Solid Waste Recycling and Processing (Second Edition),Engineering 2014
Forensic Document Examination,"Forensics, Security, and Criminal Justice 2014"
The Science and Technology of Counterterrorism,"Forensics, Security, and Criminal Justice 2014"
Security Leadership of the Future,"Forensics, Security, and Criminal Justice 2014"
Approaches to Research on the Systematics of Fish-Borne Trematodes,Immunology and Microbiology 2014
Xylanolytic Enzymes,Immunology and Microbiology 2014
"Human Herpesviruses HHV-6A, HHV-6B & HHV-7 (Third Edition)",Immunology and Microbiology 2014
Toolkit for Working with Juvenile Sex Offenders,Psychology 2014
Creativity (Second Edition),Psychology 2014
Education for Innovation and Independent Learning,Psychology 2014
Geology of the China Seas,Earth and Planetary Sciences 2014
Nanomagnetism: Fundamentals and Applications,Materials Science 2014
Social Predation,"Agricultural, Biological, and Food Sciences 2014"
Light and Video Microscopy (Second Edition),"Agricultural, Biological, and Food Sciences 2014"
Corn and Grain Sorghum Comparison,"Agricultural, Biological, and Food Sciences 2014"
"Clinical Chemistry, Immunology and Laboratory Quality Control","Biochemistry, Genetics and Molecular Biology 2014"
Essentials of Stem Cell Biology (Third Edition),"Biochemistry, Genetics and Molecular Biology 2014"
A Practical Guide to Writing a Ruth L. Kirschstein NRSA Grant,Biomedical Science and Medicine 2014
Lithium-Ion Batteries,Chemical Engineering 2014
Bioenergy Research: Advances and Applications,Chemical Engineering 2014
Open-Source Lab,Chemistry 2014
Thermodynamics (Fourth Edition),Chemistry 2014
Information Management,Computer Science 2014
Applied Network Security Monitoring,Computer Science 2014
The Basics of Digital Privacy,Computer Science 2014
"Handbook of Energy: Chronologies, Top Ten Lists, and Word Clouds",Energy 2014
Combustion Ash Residue Management (Second Edition),Energy 2014
Gasification of Unconventional Feedstocks,Energy 2014
Materials and Design (Third Edition),Engineering 2014
Clinical Engineering,Engineering 2014
Advances in Intelligent Vehicles,Engineering 2014
Fluid-Structure Interactions  (Second Edition),Engineering 2014
Computational Methods in Engineering,Engineering 2014
4G: LTE/LTE-Advanced for Mobile Broadband (Second Edition),Engineering 2014
Advanced Theory of Constraint and Motion Analysis for Robot Mechanisms,Engineering 2014
The Effect of Long Term Thermal Exposure on Plastics and Elastomers,Engineering 2014
Future Energy (Second Edition),Environmental Science 2014
Credibility Assessment,"Forensics, Security, and Criminal Justice 2014"
Crime Scene Investigation Laboratory Manual,"Forensics, Security, and Criminal Justice 2014"
Cloud Storage Forensics,"Forensics, Security, and Criminal Justice 2014"
Plant Virus–Host Interaction,Immunology and Microbiology 2014
The Flagellar World,Immunology and Microbiology 2014
Primer on Flat Rolling (Second Edition),Materials Science 2014
Introduction to Probability Models (Eleventh Edition),Mathematics 2014
Diffusion MRI (Second Edition),Neuroscience 2014
Cognitive Electrophysiology of Attention,Neuroscience 2014
Magnetic Resonance Spectroscopy,Neuroscience 2014
The Claustrum,Neuroscience 2014
The Effects of Drug Abuse on the Human Nervous System,Neuroscience 2014
Toxicogenomics-Based Cellular Models,"Pharmacology, Toxicology and Pharmaceutical Science 2014"
"Emerging Technologies and Management of Crop Stress Tolerance, Volume 2","Agricultural, Biological, and Food Sciences 2014"
Transgenerational Epigenetics,"Biochemistry, Genetics and Molecular Biology 2014"
The Biological Action of Physical Medicine,Biomedical Science and Medicine 2014
Microwave-Assisted Sample Preparation for Trace Element Analysis,Chemistry 2014
Education and Training for the Oil and Gas Industry,Earth and Planetary Sciences 2014
High Acid Crudes,Energy 2014
Surface Modification by Solid State Processing,Engineering 2014
Preparing for Next Generation Security Leader Opportunities,"Forensics, Security, and Criminal Justice 2014"
Developing a Comprehensive Security Program,"Forensics, Security, and Criminal Justice 2014"
Handbook of Recycling,Materials Science 2014
Precious Metals for Biomedical Applications,Materials Science 2014
Neurobiology of Alcohol Dependence,Neuroscience 2014
"{Strategies and Tactics in Organic Synthesis, Volume 10}",Chemistry 2014
Cloud Dynamics,Earth and Planetary Sciences 2014
Neurovirology,Neuroscience 2014
A Complete Guide to Quality in Small-Scale Wine Making,"Agricultural, Biological, and Food Sciences 2014"
"{Studies in Natural Products Chemistry, Volume 41}",Chemistry 2014
Diet-Microbe Interactions in the Gut,Biomedical Science and Medicine 2014
Diet and Exercise in Cystic Fibrosis,Biomedical Science and Medicine 2014
Relating System Quality and Software Architecture,Computer Science 2014
"Surface Production Operations (Third Edition), Volume 2",Engineering 2014
Thermal Energy Storage Technologies for Sustainability,Engineering 2014
Self-Sensing Concrete in Smart Structures,Engineering 2014
Structural Alloys for Power Plants,Engineering 2014
Protective Clothing,Engineering 2014
Fundamentals of Air Pollution (Fifth Edition),Environmental Science 2014
"Current Laboratory Techniques in Rabies Diagnosis, Research and Prevention",Immunology and Microbiology 2014
The Biology and Identification of the Coccidia (Apicomplexa) of Turtles of the World,Immunology and Microbiology 2014
Bone Substitute Biomaterials,Materials Science 2014
Handbook on the Toxicology of Metals (Fourth Edition),"Pharmacology, Toxicology and Pharmaceutical Science 2014"
Clinical Cases in Tropical Medicine,Specialty Medicine 2014
Ocular Pathology (Seventh Edition),Specialty Medicine 2014
Wine Science (Fourth Edition),"Agricultural, Biological, and Food Sciences 2014"
Processing and Impact on Active Components in Food,"Agricultural, Biological, and Food Sciences 2014"
The Future of Energy,Energy 2014
Combustion of Pulverised Coal in a Mixture of Oxygen and Recycled Flue Gas,Engineering 2014
Finite Element Analysis and Design of Steel and Steel-Concrete Composite Bridges,Engineering 2014
Handbook of Thermoplastic Elastomers (Second Edition),Engineering 2014
Handbook of Fire and Explosion Protection Engineering Principles (Third Edition),Engineering 2014
Micro- and Nanoengineering of the Cell Surface,Engineering 2014
Handbook of Asian Finance: Financial Markets and Sovereign Wealth Funds,Finance 2014
"Handbook of Asian Finance: REITs, Trading, and Fund Performance",Finance 2014
Troubleshooting Rubber Problems,Plastics Engineering Hanser 2014
Laborwerte (6. Auflage),German Medical Collection 2014
Klinikleitfaden Kardiologie (5. Auflage),German Medical Collection 2014
Klinikleitfaden Innere Medizin (12. Auflage),German Medical Collection 2014
CBASP in der Praxis,German Medical Collection 2014
Praxisleitfaden Allgemeinmedizin (7. Auflage),German Medical Collection 2014
Klinikleitfaden Orthopädie Unfallchirurgie (7. Auflage),German Medical Collection 2014
Klinikleitfaden Psychiatrie Psychotherapie (5. Auflage),German Medical Collection 2014
Facharztprüfung Allgemeinmedizin (4. Auflage),German Medical Collection 2014
Facharztprüfung Innere Medizin (4. Auflage),German Medical Collection 2014
Osteopathie und Rückenschmerz,German Medical Collection 2014
Electroporation-Based Therapies for Cancer,"Biochemistry, Genetics and Molecular Biology 2014"
"{Studies in Natural Products Chemistry, Volume 42}",Chemistry 2014
Multiple Sclerosis and Related Disorders,Neuroscience 2014
Hydrothermal and Supercritical Water Processes,Chemical Engineering 2014
Ecological Modelling and Engineering of Lakes and Wetlands,Environmental Science 2014
Notarzt-Leitfaden (7. Auflage),German Medical Collection 2014
Internistische Therapie (20. Auflage),German Medical Collection 2014
Ernährungsmedizin und Diätetik (12. Auflage),German Medical Collection 2014
Leitfaden Akupunktur (2. Auflage),German Medical Collection 2014
Microencapsulation in the Food Industry,"Agricultural, Biological, and Food Sciences 2014"
Adapting High Hydrostatic Pressure for Food Processing Operations,"Agricultural, Biological, and Food Sciences 2014"
Distillation: Equipment and Processes,Chemical Engineering 2014
Distributed Generation and its Implications for the Utility Industry,Energy 2014
"Internal Combustion Engines: Performance, Fuel Economy and Emissions: IMechE, London, 27–28 November 2013",Engineering 2014
Vertical Flow Constructed Wetlands,Environmental Science 2014
"Food Structures, Digestion and Health","Agricultural, Biological, and Food Sciences 2014"
Health Communication in Traditional Chinese Medicine,Biomedical Science and Medicine 2014
Rotating Electrode Methods and Oxygen Reduction Electrocatalysts,Chemical Engineering 2014
Knowledge-Based Configuration,Computer Science 2014
Volcanic Gas Reservoir Characterization,Energy 2014
Fermentation and Biochemical Engineering Handbook (Third Edition),Engineering 2014
Mathematical Analysis Fundamentals,Mathematics 2014
How to Improve Rubber Compounds (Second Edition),Plastics Engineering Hanser 2014
Cognitive Neuroscience and Psychotherapy,Psychology 2014
Developments in the Theory and Practice of Cybercartography,Earth and Planetary Sciences 2014
The Social Dog,"Agricultural, Biological, and Food Sciences 2014"
Hypobaric Storage in Food Industry,"Agricultural, Biological, and Food Sciences 2014"
Evolution,"Agricultural, Biological, and Food Sciences 2014"
Handbook of Pharmacogenomics and Stratified Medicine,"Biochemistry, Genetics and Molecular Biology 2014"
Advanced Clinical Therapies in Cardiovascular Chinese Medicine,Biomedical Science and Medicine 2014
Organic Chemistry Concepts and Applications for Medicinal Chemistry,Chemistry 2014
Modeling Enterprise Architecture with TOGAF,Computer Science 2014
Business Process Change (Third Edition),Computer Science 2014
"Solar Energy, Photovoltaics, and Domestic Hot Water..",Energy 2014
Advances in Biorefineries,Energy 2014
Effect of Temperature and Other Factors on Plastics and Elastomers (Third Edition),Engineering 2014
"Sensor Technologies for Civil Infrastructures, Volume 1",Engineering 2014
Hypersingular Integral Equations in Fracture Analysis,Engineering 2014
Environmental Noise Pollution,Environmental Science 2014
Clinical Anatomy of the Cranial Nerves,Neuroscience 2014
"Basic Molecular Protocols in Neuroscience: Tips, Tricks, and Pitfalls",Neuroscience 2014
Clinician's Guide to Engaging Parents in their Children's Education,Psychology 2014
From Knowledge Abstraction to Management,Social Sciences 2014
Guide to Food Safety and Quality During Transportation,"Agricultural, Biological, and Food Sciences 2014"
Extracellular Glycolipids of Yeasts,"Biochemistry, Genetics and Molecular Biology 2014"
Cellular and Molecular Pathobiology of Cardiovascular Disease,Biomedical Science and Medicine 2014
Nonequilibrium Thermodynamics (Third Edition),Chemical Engineering 2014
Supercritical Fluid Technology for Energy and Environmental Applications,Chemical Engineering 2014
Designing with the Mind in Mind (Second Edition),Computer Science 2014
Freemium Economics,Computer Science 2014
Efficient Computation of Argumentation Semantics,Engineering 2014
The Independence of Credit Rating Agencies,Finance 2014
Emerging Markets and the Global Economy,Finance 2014
Surveillance and Threat Detection,"Forensics, Security, and Criminal Justice 2014"
The Art of Investigative Interviewing (Third Edition),"Forensics, Security, and Criminal Justice 2014"
Forensic Anthropology,"Forensics, Security, and Criminal Justice 2014"
Restoring Justice (Fifth Edition),"Forensics, Security, and Criminal Justice 2014"
"Neuronal Networks in Brain Function, CNS Disorders, and Therapeutics",Neuroscience 2014
Understanding Satellite Navigation,Engineering 2014
Concrete and Masonry Movements,Engineering 2014
The Effect of Creep and Other Time Related Factors on Plastics and Elastomers (Third Edition),Engineering 2014
Measuring and Managing Information Risk,"Forensics, Security, and Criminal Justice 2014"
Online Security for the Business Traveler,"Forensics, Security, and Criminal Justice 2014"
The Handbook for School Safety and Security,"Forensics, Security, and Criminal Justice 2014"
Security Leader Insights for Risk Management,"Forensics, Security, and Criminal Justice 2014"
DNA and Property Crime Scene Investigation,"Forensics, Security, and Criminal Justice 2014"
Graduate Study in Criminology and Criminal Justice,"Forensics, Security, and Criminal Justice 2014"
High Performance Textiles and their Applications,Materials Science 2014
Introductory Differential Equations (Fourth Edition),Mathematics 2014
Film Processing (Second Edition),Plastics Engineering Hanser 2014
Evidence-Based Treatment for Children with Autism,Psychology 2014
Library Instruction Design,Social Sciences 2014
Radical Information Literacy,Social Sciences 2014
The Evolution of the US–Japan Alliance,Social Sciences 2014
Business Continuity Programs,"Forensics, Security, and Criminal Justice 2014"
Distillation: Fundamentals and Principles,Chemical Engineering 2014
Reactor and Process Design in Sustainable Energy Technology,Chemical Engineering 2014
Sustainability Science,Earth and Planetary Sciences 2014
Coal Power Plant Materials and Life Assessment,Energy 2014
Principles of Reinforced Concrete,Engineering 2014
Advanced Topics in Forensic DNA Typing: Interpretation,"Forensics, Security, and Criminal Justice 2014"
Security Risk Assessment,"Forensics, Security, and Criminal Justice 2014"
"Autophagy: Cancer, Other Pathologies, Inflammation, Immunity, Infection, and Aging: Volume 4",Immunology and Microbiology 2014
Physical Metallurgy (Fifth Edition),Materials Science 2014
Superconductivity (Third Edition),Physics and Astronomy 2014
Échographie endovaginale Doppler - 3D,Elsevier Masson French Health Sciences Collection 2014
Esthetic Dentistry,Health Professions 2014
Dental Secrets,Health Professions 2014
"Computer-Guided Applications for Dental Implants, Bone Grafting, and Reconstructive Surgery (adapted translation)",Health Professions 2014
Evidence-Based Physical Therapy for the Pelvic Floor,Health Professions 2014
The Complete Guide to Geriatric Rehabilitation,Health Professions 2014
Management of Chronic Musculoskeletal Conditions in the Foot and Lower Leg,Health Professions 2014
Acupuncture for IVF and Assisted Reproduction,Health Professions 2014
Skeletal Anchorage in Orthodontic Treatment of Class II Malocclusion,Health Professions 2014
Principles and Practice of Esthetic Dentistry,Health Professions 2014
Atlas of Oral and Maxillofacial Surgery,Health Professions 2014
Faus - Búsquedas bibliográficas en bases de datos,Spanish Medical Collection 2014
Vizmanos - Claves de la genética de poblaciones,Spanish Medical Collection 2014
Brito Brito - Diagnóstico psicosocial persp. enf.,Spanish Medical Collection 2014
Skeletal Trauma in Children,Specialty Medicine 2014
A Manual of Orthopaedic Terminology,Specialty Medicine 2014
Twining's Textbook of Fetal Abnormalities,Specialty Medicine 2014
Glaucoma,Specialty Medicine 2014
Transplantation of the Liver,Specialty Medicine 2014
Sleep Medicine Pearls,Specialty Medicine 2014
Handbook of Veterinary Pain Management,Veterinary Medicine 2014
Saunders Equine Formulary,Veterinary Medicine 2014
Small Animal Diagnostic Ultrasound,Veterinary Medicine 2014
Contemporary Insect Diagnostics,"Agricultural, Biological, and Food Sciences 2014"
Crop Physiology,"Agricultural, Biological, and Food Sciences 2014"
Marine Faunal Diversity in India,"Agricultural, Biological, and Food Sciences 2014"
Heat Treatment for Insect Control,"Agricultural, Biological, and Food Sciences 2014"
High Throughput Screening for Food Safety Assessment,"Agricultural, Biological, and Food Sciences 2014"
Handbook of Food Allergen Detection and Control,"Agricultural, Biological, and Food Sciences 2014"
Advances in Fermented Foods and Beverages,"Agricultural, Biological, and Food Sciences 2014"
Dietary Supplements,"Agricultural, Biological, and Food Sciences 2014"
Metabolomics as a Tool in Nutritional Research,"Agricultural, Biological, and Food Sciences 2014"
Managing and Preventing Obesity,"Agricultural, Biological, and Food Sciences 2014"
Electron Beam Pasteurization and Complementary Food Processing Technologies,"Agricultural, Biological, and Food Sciences 2014"
"Flavour Development, Analysis and Perception in Food and Beverages","Agricultural, Biological, and Food Sciences 2014"
Rapid Sensory Profiling Techniques,"Agricultural, Biological, and Food Sciences 2014"
Fed-Batch Fermentation,"Agricultural, Biological, and Food Sciences 2014"
Boorman's Pathology of the Rat,"Biochemistry, Genetics and Molecular Biology 2014"
Stem Cell Biology and Tissue Engineering in Dental Sciences,"Biochemistry, Genetics and Molecular Biology 2014"
"Molecular Medical Microbiology, Three-Volume Set","Biochemistry, Genetics and Molecular Biology 2014"
Knobil and Neill's Physiology of Reproduction,"Biochemistry, Genetics and Molecular Biology 2014"
Translational Systems Biology,"Biochemistry, Genetics and Molecular Biology 2014"
Molecular Biology of B Cells,"Biochemistry, Genetics and Molecular Biology 2014"
Clinical Genomics,"Biochemistry, Genetics and Molecular Biology 2014"
Micro RNA in Regenerative Medicine,"Biochemistry, Genetics and Molecular Biology 2014"
Cord Blood Stem Cells and Regenerative Medicine,"Biochemistry, Genetics and Molecular Biology 2014"
Functional Metagenomic Methods,"Biochemistry, Genetics and Molecular Biology 2014"
"Channels, Carriers, and Pumps","Biochemistry, Genetics and Molecular Biology 2014"
Sertoli Cell Biology,"Biochemistry, Genetics and Molecular Biology 2014"
DNA Methylation and Complex Human Disease,"Biochemistry, Genetics and Molecular Biology 2014"
An Introduction to Biotechnology,"Biochemistry, Genetics and Molecular Biology 2014"
Hormones,Biomedical Science and Medicine 2014
GERD,Biomedical Science and Medicine 2014
Diet and Nutrition in Dementia and Cognitive Decline,Biomedical Science and Medicine 2014
The Mediterranean Diet,Biomedical Science and Medicine 2014
Coffee in Health and Disease Prevention,Biomedical Science and Medicine 2014
Translational Regenerative Medicine,Biomedical Science and Medicine 2014
Chronic Renal Disease,Biomedical Science and Medicine 2014
Success is What You Leave Behind,Biomedical Science and Medicine 2014
The Lung,Biomedical Science and Medicine 2014
Key Productivity and Performance Strategies to Advance Your STEM Career,Biomedical Science and Medicine 2014
Inflammation in Heart Failure,Biomedical Science and Medicine 2014
Glucose Intake and Utilization in Pre-Diabetes and Diabetes,Biomedical Science and Medicine 2014
Human Chorionic Gonadotropin (hGC),Biomedical Science and Medicine 2014
The Science of Fitness,Biomedical Science and Medicine 2014
Regulatory Affairs for Biomaterials and Medical Devices,Biomedical Science and Medicine 2014
Translational Biology in Medicine,Biomedical Science and Medicine 2014
Imported Infectious Diseases,Biomedical Science and Medicine 2014
"Handbook of Flotation Reagents: Chemistry, Theory and Practice",Chemical Engineering 2014
Electrochemical Energy Storage for Renewable Sources and Grid Balancing,Chemical Engineering 2014
Integrated Design and Simulation of Chemical Processes,Chemical Engineering 2014
Recent Advances in Thermo-chemical Conversion of Biomass,Chemical Engineering 2014
Best Synthetic Methods: ORGANOPHOSPHORUS (V) CHEMISTRY,Chemistry 2014
Progress in Heterocyclic Chemistry,Chemistry 2014
Instrumental Thin-Layer Chromatography,Chemistry 2014
Globally Harmonized System of Classification and Labelling of Chemicals,Chemistry 2014
Priority Pollutants Monitoring in Water,Chemistry 2014
Syngress Hacking and Penetration Testing 2,Computer Science 2014
Syngress Hacking and Penetration Testing 4,Computer Science 2014
"Emerging Trends in Image Processing, Computer Vision and Pattern Recognition",Computer Science 2014
Social Data Analytics,Computer Science 2014
The Data to Dollars™ Value Chain,Computer Science 2014
Thor's OS Xodus,Computer Science 2014
Business Intelligence Guidebook,Computer Science 2014
There's Not an App for That,Computer Science 2014
Securing VOIP,Computer Science 2014
Multicore and GPU Programming,Computer Science 2014
Sharing Data and Models in Software Engineering,Computer Science 2014
RIOT Control,Computer Science 2014
Industrial Network Security,Computer Science 2014
CSA Guide to Cloud Computing,Computer Science 2014
Communicating UX Vision,Computer Science 2014
RDF Database Systems,Computer Science 2014
The Business Process Management Handbook,Computer Science 2014
Writing Successful UX Proposals,Computer Science 2014
Interaction Flow Modeling Language,Computer Science 2014
Detecting and Combating Malicious Email,Computer Science 2014
A Practical Guide to SysML,Computer Science 2014
Information Security Analytics,Computer Science 2014
"Augmented Reality Law, Privacy, and Ethics",Computer Science 2014
Guerrilla Analytics,Computer Science 2014
Evaluating and Designing for Domestic Life,Computer Science 2014
Full-System Simulation with Simics,Computer Science 2014
Digital Integrated Circuit Design,Computer Science 2014
Breaking into Information Security,Computer Science 2014
Computational Network Science,Computer Science 2014
Designing and Building  Security Operations Center,Computer Science 2014
Oracle Databases on Amazon Web Services,Computer Science 2014
Networks-on-Chip,Computer Science 2014
Mastering Nexpose and Metasploit,Computer Science 2014
Securing SQL Server,Computer Science 2014
"Cyber Reconnaissance, Surveillance and Defense",Computer Science 2014
Refactoring for Software Design Smells,Computer Science 2014
Securing Mobile Ad Hoc Networks,Computer Science 2014
Heterogeneous Computing with OpenCL 2.0,Computer Science 2014
Commonsense Reasoning,Computer Science 2014
Predictive Analytics and Data Mining,Computer Science 2014
Optimized Cloud Resource Management and Scheduling,Computer Science 2014
Enterprise Business Intelligence and Data Warehousing,Computer Science 2014
PCI Compliance,Computer Science 2014
Soil Reinforcement for Anchor Plates and Uplift Response,Earth and Planetary Sciences 2014
"Hydro-Meteorological Hazards, Risks and Disasters",Earth and Planetary Sciences 2014
"Snow and Ice-Related Hazards, Risks and Disasters",Earth and Planetary Sciences 2014
"Hazards, Risks and Disasters in Society",Earth and Planetary Sciences 2014
"Landslide Hazards, Risks and Disasters",Earth and Planetary Sciences 2014
"Volcanic Hazards, Risks and Disasters",Earth and Planetary Sciences 2014
Structural Geology,Earth and Planetary Sciences 2014
"Wildfire Hazards, Risks and Disasters",Earth and Planetary Sciences 2014
Geoethics,Earth and Planetary Sciences 2014
"The Tide-Dominated Han River Delta, Korea",Earth and Planetary Sciences 2014
Darriwilian to Sandbian (Ordovician) Graptolites from Northwest China,Earth and Planetary Sciences 2014
Earth and Life Processes Discovered from Subseafloor Environment,Earth and Planetary Sciences 2014
Integrated Sand Management For Effective Hydrocarbon Flow Assurance,Earth and Planetary Sciences 2014
Principles and Dynamics of the Critical Zone,Earth and Planetary Sciences 2014
Dictionary of Energy,Energy 2014
Bioenergy,Energy 2014
Green Building Technology Guide: Vol III Building Systems,Energy 2014
Green Building Technology Guide: Vol II Energy Systems,Energy 2014
Combustion,Energy 2014
Energy Storage Devices for Electronic Systems,Energy 2014
Green Building Technology Guide: Vol I Materials,Energy 2014
Energy Storage for Smart Grids,Energy 2014
Alternative Energy in Power Electronics,Energy 2014
Mechanics of Hydraulic Fracturing,Energy 2014
The Guide to Oilwell Fishing Operations,Energy 2014
Unconventional Gas Reservoirs,Energy 2014
Casing and Liners for Drilling and Completion,Energy 2014
Crude Oil Fouling,Energy 2014
Gasification for Synthetic Fuel Production,Energy 2014
Handbook of Small Modular Nuclear Reactors,Energy 2014
Advances in Batteries for Medium and Large-Scale Energy Storage,Energy 2014
Advances in Thermal Energy Storage Systems,Energy 2014
"Palladium Membrane Technology for Hydrogen Production, Carbon Capture and Other Applications",Energy 2014
Subsea and Deepwater Oil and Gas Handbook,Energy 2014
Nanostructured Polymer Blends,Engineering 2014
The Multibody Systems Approach to Vehicle Dynamics,Engineering 2014
11th International Conference on Turbochargers and Turbocharging,Engineering 2014
Progress in Filtration and Separation,Engineering 2014
"Reliable Maintenance Planning, Estimating and Scheduling",Engineering 2014
Coastal Risk Assessment and Mitigation in a Changing Climate,Engineering 2014
Intelligent Vibration Control in Civil Engineering Structures,Engineering 2014
Digital Integrated Circuit Design Using Verilog and SystemVerilog,Engineering 2014
Structural Health Monitoring of Aerospace Composites,Engineering 2014
Implantable Electronic Medical Devices,Engineering 2014
Monolithic Nanoscale Photonics-Electronics Integration in Silicon and Other Group IV Elements,Engineering 2014
Modelling of chemical wear and its relevance to practice,Engineering 2014
Analog Circuit Design Volume Three,Engineering 2014
Wave Mechanics and Wave Loads on Marine Structures,Engineering 2014
Semi-Markov Processes: Applications in System Reliability and Maintenance,Engineering 2014
Household Service Robotics,Engineering 2014
Renewable Motor Fuels,Engineering 2014
Biodiesel Production Using Algal Technology,Engineering 2014
Embedded C Programming,Engineering 2014
Process Risk and Reliability Management,Engineering 2014
"Biopolymers: Products, Processing, and Applications",Engineering 2014
Emerging Nanotechnologies for Manufacturing,Engineering 2014
Plant Design and Operations,Engineering 2014
Adhesives Technology Handbook,Engineering 2014
Ludwig's Applied Process Design for Chemical and Petrochemical Plants,Engineering 2014
Braiding Technology for Textiles,Engineering 2014
Engineering Systems Acquisition and Support,Engineering 2014
Advances in Friction-Stir Welding and Processing,Engineering 2014
Functional Finishes for Textiles,Engineering 2014
Carbon Nanotube Reinforced Composites,Engineering 2014
"Fluoroplastics, Volume 1",Engineering 2014
Nanomaterials and Devices,Engineering 2014
Laser Surface Engineering,Engineering 2014
Parameter Identification and Monitoring of Mechanical Systems Under Nonlinear Vibration,Engineering 2014
"International Gear Conference 2014: 26th-28th August 2014, Lyon",Engineering 2014
Textiles and Fashion,Engineering 2014
Databook of Generic Solvents,Engineering 2014
Databook of Green Solvents,Engineering 2014
"Handbook of Antiblocking, Release, and Slip Additives",Engineering 2014
Freshwater Algae of North America,Environmental Science 2014
Stream Ecosystems in a Changing Environment,Environmental Science 2014
Biogeochemistry of Marine Dissolved Organic Matter,Environmental Science 2014
"Soil Microbiology, Ecology and Biochemistry",Environmental Science 2014
Natural Organic Matter in Water,Environmental Science 2014
Learning from the Impacts of Superstorm Sandy,Environmental Science 2014
Introduction to the Modelling of Marine Ecosystems,Environmental Science 2014
Estuarine Ecohydrology,Environmental Science 2014
Intermediate Financial Theory,Finance 2014
Principles of Financial Engineering,Finance 2014
Contemporary Financial Intermediation,Finance 2014
Public Finance,Finance 2014
Economics of Sustainable Development,Finance 2014
Hedge Fund Governance,Finance 2014
Finance,Finance 2014
Navigating the Business Loan,Finance 2014
"Innovation, Entrepreneurship, and the Economy in the US, China, and India",Finance 2014
Syngress Digital Forensics 4,"Forensics, Security, and Criminal Justice 2014"
School Security,"Forensics, Security, and Criminal Justice 2014"
Managing Online Risk,"Forensics, Security, and Criminal Justice 2014"
Integrated Security Systems Design,"Forensics, Security, and Criminal Justice 2014"
Google Earth Forensics,"Forensics, Security, and Criminal Justice 2014"
Business Continuity and Risk Management,"Forensics, Security, and Criminal Justice 2014"
Determining an Organization's Total Cost of Security,"Forensics, Security, and Criminal Justice 2014"
Smart Security: Understanding and Contributing to the Business,"Forensics, Security, and Criminal Justice 2014"
Your Personal Security,"Forensics, Security, and Criminal Justice 2014"
Toolbox for Developing Your Workplace Violence Prevention Program,"Forensics, Security, and Criminal Justice 2014"
Personnel Protection: Kidnapping Issues and Policies,"Forensics, Security, and Criminal Justice 2014"
The Basics of Digital Forensics,"Forensics, Security, and Criminal Justice 2014"
"Social Justice, Criminal Justice","Forensics, Security, and Criminal Justice 2014"
"Crime, Violence, and Global Warming","Forensics, Security, and Criminal Justice 2014"
Capitalism and Criminal Justice,"Forensics, Security, and Criminal Justice 2014"
Organized Crime,"Forensics, Security, and Criminal Justice 2014"
Key Terms and Concepts for Investigation,"Forensics, Security, and Criminal Justice 2014"
Geometries of Crime,"Forensics, Security, and Criminal Justice 2014"
DNA and Criminal Law,"Forensics, Security, and Criminal Justice 2014"
The Primary Immunodeficiency,Immunology and Microbiology 2014
Mucosal Immunology,Immunology and Microbiology 2014
Fluid Machinery Congress 6-7 October 2014,Materials Science 2014
Ion Beam Treatment of Polymers,Materials Science 2014
Shape Memory Alloy Engineering,Materials Science 2014
Ultrasmall lanthanide oxide nanoparticles for biomedical imaging and therapy,Materials Science 2014
Intelligent Coatings for Corrosion Control,Materials Science 2014
Micromechanism of Cleavage Fracture of Metals,Materials Science 2014
Developments in Surface Contamination and Cleaning,Materials Science 2014
Developments in Surface Contamination and Cleaning,Materials Science 2014
Anti-Abrasive Nanocoatings,Materials Science 2014
Polymer Composites in the Aerospace Industry,Materials Science 2014
Fatigue and Fracture of Adhesively-Bonded Composite Joints,Materials Science 2014
Handbook of Ceramics Grinding and Polishing,Materials Science 2014
Modelling Degradation of Bioresorbable Polymeric Medical Devices,Materials Science 2014
Biofiber Reinforcements in Composite Materials,Materials Science 2014
Insights in Mathematics 4,Mathematics 2014
"A Course in Mathematical Statistics, Third Edition",Mathematics 2014
"Table of Integrals, Series, and Products",Mathematics 2014
Doing Bayesian Data Analysis,Mathematics 2014
Practical Predictive Analytics and Decisioning Systems for Medicine,Mathematics 2014
Mathematical Statistics with Applications,Mathematics 2014
An Introduction to Probability and Statistical Inference,Mathematics 2014
Logic and Computation,Mathematics 2014
Neurobiology of Brain Disorders,Neuroscience 2014
Movement Disorders,Neuroscience 2014
Rosenberg's Molecular and Genetic Basis of Neurological and Psychiatric Disease,Neuroscience 2014
Bioactive Nutriceuticals and Food Supplements in Neurological and Brain Disease,Neuroscience 2014
"Neuromuscular Disorders of Infancy, Childhood, and Adolescence",Neuroscience 2014
The Biology of Thought,Neuroscience 2014
Diabetes and the Nervous System,Neuroscience 2014
Alcohol and the Nervous System,Neuroscience 2014
Drugs During Pregnancy and Lactation,"Pharmacology, Toxicology and Pharmaceutical Science 2014"
The Endocannabinoidome,"Pharmacology, Toxicology and Pharmaceutical Science 2014"
Dictionary of Toxicology,"Pharmacology, Toxicology and Pharmaceutical Science 2014"
Veterinary Toxicology for Australia and New Zealand,"Pharmacology, Toxicology and Pharmaceutical Science 2014"
History of Toxicology and Environmental Health,"Pharmacology, Toxicology and Pharmaceutical Science 2014"
Advances in Molecular Toxicology,"Pharmacology, Toxicology and Pharmaceutical Science 2014"
Controlled Drug Delivery,"Pharmacology, Toxicology and Pharmaceutical Science 2014"
Oral Delivery of Insulin,"Pharmacology, Toxicology and Pharmaceutical Science 2014"
Handbook of Cosmeceutical Excipients and their Safeties,"Pharmacology, Toxicology and Pharmaceutical Science 2014"
Optical Radiometry for Oceans Climate Measurements,Physics and Astronomy 2014
Quantum Machine Learning,Physics and Astronomy 2014
Physics and Engineering of Radiation Detection,Physics and Astronomy 2014
Handbook of Crystal Growth,Physics and Astronomy 2014
Handbook of Crystal Growth,Physics and Astronomy 2014
Handbook of Crystal Growth,Physics and Astronomy 2014
Simulations with NX,Plastics Engineering Hanser 2014
Heat Treatment,Plastics Engineering Hanser 2014
Finite Element Analyses for Engineers,Plastics Engineering Hanser 2014
Understanding Plastics Rheology,Plastics Engineering Hanser 2014
Handbook of Plastics Failure Analysis,Plastics Engineering Hanser 2014
PVC Stabilizers/Additive,Plastics Engineering Hanser 2014
Designing Plastic Parts for Assembly,Plastics Engineering Hanser 2014
Textile Technology,Plastics Engineering Hanser 2014
Measures of Personality and Social Psychological Constructs,Psychology 2014
Evolutionary Origins and Early Development of Basic Number Processing,Psychology 2014
Successful Private Practice in Neuropsychology,Psychology 2014
Z Score Neurofeedback,Psychology 2014
China’s Venture Capital Market,Social Sciences 2014
The Changing Role of the Human Resource Profession in the Asia Pacific Region,Social Sciences 2014
Managing the One-Person Library,Social Sciences 2014
Library 3.0,Social Sciences 2014
Disaster Planning for Libraries,Social Sciences 2014
Libraries and Public Perceptions,Social Sciences 2014
Accidental Information Discovery,Social Sciences 2014
Shaping Knowledge,Social Sciences 2014
Online Arab Spring,Social Sciences 2014
The Preservation and Protection of Library Collections,Social Sciences 2014
China,Social Sciences 2014
Scholarly Information Search in the Networked Academic Learning Environment,Social Sciences 2014
"Performance, Risk and Competition in the Chinese Banking Industry",Social Sciences 2014
Practical Tools for Managing Technology in Libraries,Social Sciences 2014
The Globalisation of Chinese Business,Social Sciences 2014
Boosting the Knowledge Economy,Social Sciences 2014
Digital Scholarship,Social Sciences 2014
Improving Student Information Search,Social Sciences 2014
Going Beyond the Gate Count: Proactive Marketing for the New and Experienced Academic Library Director,Social Sciences 2014
IScience/IMetrics: New Information Trends and Services for Scientists on the Web,Social Sciences 2014
Intellectual Property and Assessing its Financial Value,Social Sciences 2014
